,Target vowels,Non-target vowels,Target plosives,Non-target plosives,Other phonemes
0,0.7106014143857116,0.2893985856142885,0.9021580164205326,0.0,0.05409761219340695
