,Target vowels,Non-target vowels,Target plosives,Non-target plosives,Other phonemes
0,0.7105574530821276,0.28944254691787247,0.9101670614732695,0.0,0.049341855972420606
