,Target vowels,Non-target vowels,Target plosives,Non-target plosives,Other phonemes
0,0.953033741284226,0.04696625871577398,0.11648880858845681,0.0,2.043950073468761
